hour,load_scale,W1_cf,W2_cf,W3_cf
0,0.78,0.762,0.881,0.645
1,0.75,0.871,0.885,0.799
2,0.73,0.911,0.76,0.758
3,0.72,0.916,0.823,0.679
4,0.72,0.937,0.791,0.759
5,0.74,0.871,0.731,0.793
6,0.8,0.85,0.575,0.753
7,0.88,0.813,0.556,0.78
8,0.95,0.603,0.468,0.709
9,1.0,0.473,0.425,0.694
10,1.03,0.412,0.479,0.664
11,1.04,0.307,0.36,0.477
12,1.0,0.223,0.382,0.433
13,1.02,0.133,0.419,0.313
14,1.04,0.174,0.342,0.267
15,1.05,0.239,0.364,0.145
16,1.04,0.193,0.377,0.146
17,1.03,0.313,0.378,0.17
18,1.06,0.328,0.323,0.263
19,1.08,0.446,0.404,0.346
20,1.05,0.5,0.494,0.321
21,0.98,0.649,0.388,0.464
22,0.9,0.649,0.56,0.66
23,0.83,0.759,0.586,0.646
